GAME_DATE,ATTENDANCE,GAME_TIME,game_id
"TUESDAY, OCTOBER 27, 2015",19187,2:11,0021500001
"TUESDAY, OCTOBER 27, 2015",21957,2:22,0021500001
"TUESDAY, OCTOBER 27, 2015",19596,2:25,0021500001
"WEDNESDAY, OCTOBER 28, 2015",18846,2:21,0021500001
"WEDNESDAY, OCTOBER 28, 2015",18624,2:14,0021500001
"WEDNESDAY, OCTOBER 28, 2015",17732,2:13,0021500001
"WEDNESDAY, OCTOBER 28, 2015",18434,2:19,0021500001
"WEDNESDAY, OCTOBER 28, 2015",19724,2:19,0021500001
"WEDNESDAY, OCTOBER 28, 2015",19800,2:35,0021500001
"WEDNESDAY, OCTOBER 28, 2015",18240,2:13,0021500001
"WEDNESDAY, OCTOBER 28, 2015",18119,2:08,0021500001
"WEDNESDAY, OCTOBER 28, 2015",18717,2:20,0021500001
"WEDNESDAY, OCTOBER 28, 2015",18203,2:19,0021500001
"WEDNESDAY, OCTOBER 28, 2015",18055,2:21,0021500001
"WEDNESDAY, OCTOBER 28, 2015",19393,2:07,0021500001
"WEDNESDAY, OCTOBER 28, 2015",17458,2:20,0021500001
"WEDNESDAY, OCTOBER 28, 2015",18997,2:35,0021500001
"THURSDAY, OCTOBER 29, 2015",18165,2:18,0021500001
"THURSDAY, OCTOBER 29, 2015",19812,2:22,0021500001
"THURSDAY, OCTOBER 29, 2015",19218,2:24,0021500001
"FRIDAY, OCTOBER 30, 2015",20562,2:17,0021500001
"FRIDAY, OCTOBER 30, 2015",18846,3:07,0021500001
"FRIDAY, OCTOBER 30, 2015",17122,2:15,0021500001
"FRIDAY, OCTOBER 30, 2015",16898,2:29,0021500001
"FRIDAY, OCTOBER 30, 2015",16035,2:33,0021500001
"FRIDAY, OCTOBER 30, 2015",17024,2:19,0021500001
"FRIDAY, OCTOBER 30, 2015",13858,2:30,0021500001
"FRIDAY, OCTOBER 30, 2015",18418,2:07,0021500001
"FRIDAY, OCTOBER 30, 2015",17660,2:28,0021500001
"FRIDAY, OCTOBER 30, 2015",18142,2:21,0021500001
"FRIDAY, OCTOBER 30, 2015",17391,2:14,0021500001
"FRIDAY, OCTOBER 30, 2015",18055,2:39,0021500001
"SATURDAY, OCTOBER 31, 2015",14412,2:13,0021500001
"SATURDAY, OCTOBER 31, 2015",20356,2:38,0021500001
"SATURDAY, OCTOBER 31, 2015",18406,2:11,0021500001
"SATURDAY, OCTOBER 31, 2015",16013,2:16,0021500001
"SATURDAY, OCTOBER 31, 2015",17906,2:10,0021500001
"SATURDAY, OCTOBER 31, 2015",19060,2:35,0021500001
"SUNDAY, NOVEMBER 1, 2015",18691,2:08,0021500001
"SUNDAY, NOVEMBER 1, 2015",17461,2:13,0021500001
"SUNDAY, NOVEMBER 1, 2015",19600,2:16,0021500001
"SUNDAY, NOVEMBER 1, 2015",19800,2:07,0021500001
"SUNDAY, NOVEMBER 1, 2015",21585,2:10,0021500001
"SUNDAY, NOVEMBER 1, 2015",18203,2:09,0021500001
"SUNDAY, NOVEMBER 1, 2015",18997,2:13,0021500001
"MONDAY, NOVEMBER 2, 2015",18094,2:17,0021500001
"MONDAY, NOVEMBER 2, 2015",12576,2:21,0021500001
"MONDAY, NOVEMBER 2, 2015",19812,2:04,0021500001
"MONDAY, NOVEMBER 2, 2015",17224,2:21,0021500001
"MONDAY, NOVEMBER 2, 2015",18903,2:31,0021500001
"MONDAY, NOVEMBER 2, 2015",19596,2:09,0021500001
"MONDAY, NOVEMBER 2, 2015",19060,2:20,0021500001
"TUESDAY, NOVEMBER 3, 2015",15136,2:01,0021500001
"TUESDAY, NOVEMBER 3, 2015",13325,2:07,0021500001
"TUESDAY, NOVEMBER 3, 2015",19600,2:14,0021500001
"TUESDAY, NOVEMBER 3, 2015",16876,2:11,0021500001
"TUESDAY, NOVEMBER 3, 2015",20034,2:22,0021500001
"TUESDAY, NOVEMBER 3, 2015",17317,2:17,0021500001
"TUESDAY, NOVEMBER 3, 2015",18997,2:17,0021500001
"WEDNESDAY, NOVEMBER 4, 2015",14022,2:21,0021500001
"WEDNESDAY, NOVEMBER 4, 2015",17721,2:14,0021500001
"WEDNESDAY, NOVEMBER 4, 2015",14044,2:04,0021500001
"WEDNESDAY, NOVEMBER 4, 2015",20562,2:20,0021500001
"WEDNESDAY, NOVEMBER 4, 2015",16735,2:40,0021500001
"WEDNESDAY, NOVEMBER 4, 2015",12437,2:15,0021500001
"WEDNESDAY, NOVEMBER 4, 2015",18203,2:17,0021500001
"WEDNESDAY, NOVEMBER 4, 2015",16497,2:02,0021500001
"WEDNESDAY, NOVEMBER 4, 2015",19911,2:16,0021500001
"WEDNESDAY, NOVEMBER 4, 2015",19596,2:36,0021500001
"THURSDAY, NOVEMBER 5, 2015",21861,2:12,0021500001
"THURSDAY, NOVEMBER 5, 2015",11794,2:13,0021500001
"THURSDAY, NOVEMBER 5, 2015",19635,2:09,0021500001
"THURSDAY, NOVEMBER 5, 2015",9906,2:15,0021500001
"THURSDAY, NOVEMBER 5, 2015",19393,2:15,0021500001
"FRIDAY, NOVEMBER 6, 2015",16578,2:17,0021500001
"FRIDAY, NOVEMBER 6, 2015",18624,2:07,0021500001
"FRIDAY, NOVEMBER 6, 2015",17732,2:25,0021500001
"FRIDAY, NOVEMBER 6, 2015",20562,2:09,0021500001
"FRIDAY, NOVEMBER 6, 2015",19812,2:25,0021500001
"FRIDAY, NOVEMBER 6, 2015",16914,2:27,0021500001
"FRIDAY, NOVEMBER 6, 2015",16983,2:17,0021500001
"FRIDAY, NOVEMBER 6, 2015",16676,2:16,0021500001
"FRIDAY, NOVEMBER 6, 2015",19596,2:12,0021500001
"FRIDAY, NOVEMBER 6, 2015",16983,2:33,0021500001
"SATURDAY, NOVEMBER 7, 2015",21988,2:32,0021500001
"SATURDAY, NOVEMBER 7, 2015",18047,2:02,0021500001
"SATURDAY, NOVEMBER 7, 2015",15207,2:26,0021500001
"SATURDAY, NOVEMBER 7, 2015",20454,2:11,0021500001
"SATURDAY, NOVEMBER 7, 2015",15228,2:04,0021500001
"SATURDAY, NOVEMBER 7, 2015",18418,2:09,0021500001
"SATURDAY, NOVEMBER 7, 2015",19456,2:11,0021500001
"SATURDAY, NOVEMBER 7, 2015",17317,2:07,0021500001
"SATURDAY, NOVEMBER 7, 2015",19361,2:28,0021500001
"SUNDAY, NOVEMBER 8, 2015",20562,2:20,0021500001
"SUNDAY, NOVEMBER 8, 2015",19812,2:16,0021500001
"SUNDAY, NOVEMBER 8, 2015",19600,2:12,0021500001
"SUNDAY, NOVEMBER 8, 2015",18203,2:15,0021500001
"SUNDAY, NOVEMBER 8, 2015",19393,2:08,0021500001
"MONDAY, NOVEMBER 9, 2015",13104,2:08,0021500001
"MONDAY, NOVEMBER 9, 2015",13879,2:07,0021500001
"MONDAY, NOVEMBER 9, 2015",12016,2:06,0021500001
"MONDAY, NOVEMBER 9, 2015",9153,2:16,0021500001
"MONDAY, NOVEMBER 9, 2015",17317,2:04,0021500001
"MONDAY, NOVEMBER 9, 2015",19596,2:04,0021500001
"MONDAY, NOVEMBER 9, 2015",19060,2:41,0021500001
"TUESDAY, NOVEMBER 10, 2015",20562,2:36,0021500001
"TUESDAY, NOVEMBER 10, 2015",20356,2:08,0021500001
"TUESDAY, NOVEMBER 10, 2015",19825,2:09,0021500001
"TUESDAY, NOVEMBER 10, 2015",19800,2:26,0021500001
"TUESDAY, NOVEMBER 10, 2015",11822,2:05,0021500001
"TUESDAY, NOVEMBER 10, 2015",14722,2:09,0021500001
"TUESDAY, NOVEMBER 10, 2015",17128,2:11,0021500001
"WEDNESDAY, NOVEMBER 11, 2015",16643,2:11,0021500001
"WEDNESDAY, NOVEMBER 11, 2015",18846,2:03,0021500001
"WEDNESDAY, NOVEMBER 11, 2015",12744,2:10,0021500001
"WEDNESDAY, NOVEMBER 11, 2015",17879,2:19,0021500001
"WEDNESDAY, NOVEMBER 11, 2015",15597,2:06,0021500001
"WEDNESDAY, NOVEMBER 11, 2015",19805,2:36,0021500001
"WEDNESDAY, NOVEMBER 11, 2015",18155,2:08,0021500001
"WEDNESDAY, NOVEMBER 11, 2015",18119,2:19,0021500001
"WEDNESDAY, NOVEMBER 11, 2015",9403,2:09,0021500001
"WEDNESDAY, NOVEMBER 11, 2015",17317,2:10,0021500001
"WEDNESDAY, NOVEMBER 11, 2015",19393,2:12,0021500001
"THURSDAY, NOVEMBER 12, 2015",19600,2:21,0021500001
"THURSDAY, NOVEMBER 12, 2015",16130,2:20,0021500001
"THURSDAY, NOVEMBER 12, 2015",17204,2:21,0021500001
"FRIDAY, NOVEMBER 13, 2015",16797,2:11,0021500001
"FRIDAY, NOVEMBER 13, 2015",16709,2:07,0021500001
"FRIDAY, NOVEMBER 13, 2015",17138,2:12,0021500001
"FRIDAY, NOVEMBER 13, 2015",19812,2:21,0021500001
"FRIDAY, NOVEMBER 13, 2015",19800,2:08,0021500001
"FRIDAY, NOVEMBER 13, 2015",21749,2:08,0021500001
"FRIDAY, NOVEMBER 13, 2015",16919,2:25,0021500001
"FRIDAY, NOVEMBER 13, 2015",18203,2:09,0021500001
"FRIDAY, NOVEMBER 13, 2015",20260,2:18,0021500001
"FRIDAY, NOVEMBER 13, 2015",16113,2:29,0021500001
"FRIDAY, NOVEMBER 13, 2015",17131,2:25,0021500001
"SATURDAY, NOVEMBER 14, 2015",19060,2:27,0021500001
"SATURDAY, NOVEMBER 14, 2015",18311,2:11,0021500001
"SATURDAY, NOVEMBER 14, 2015",18231,2:19,0021500001
"SATURDAY, NOVEMBER 14, 2015",18717,2:55,0021500001
"SATURDAY, NOVEMBER 14, 2015",18418,2:06,0021500001
"SATURDAY, NOVEMBER 14, 2015",16722,2:07,0021500001
"SATURDAY, NOVEMBER 14, 2015",19596,2:18,0021500001
"SUNDAY, NOVEMBER 15, 2015",19812,2:12,0021500001
"SUNDAY, NOVEMBER 15, 2015",12086,2:17,0021500001
"SUNDAY, NOVEMBER 15, 2015",15317,2:10,0021500001
"SUNDAY, NOVEMBER 15, 2015",14436,2:17,0021500001
"SUNDAY, NOVEMBER 15, 2015",18203,2:13,0021500001
"SUNDAY, NOVEMBER 15, 2015",17006,2:14,0021500001
"SUNDAY, NOVEMBER 15, 2015",18997,2:19,0021500001
"MONDAY, NOVEMBER 16, 2015",11555,2:22,0021500001
"MONDAY, NOVEMBER 16, 2015",21660,2:16,0021500001
"MONDAY, NOVEMBER 16, 2015",17005,2:13,0021500001
"MONDAY, NOVEMBER 16, 2015",17270,2:32,0021500001
"MONDAY, NOVEMBER 16, 2015",18418,1:59,0021500001
"MONDAY, NOVEMBER 16, 2015",18055,2:06,0021500001
"TUESDAY, NOVEMBER 17, 2015",15485,2:11,0021500001
"TUESDAY, NOVEMBER 17, 2015",12241,2:06,0021500001
"TUESDAY, NOVEMBER 17, 2015",18442,2:22,0021500001
"TUESDAY, NOVEMBER 17, 2015",19600,2:21,0021500001
"TUESDAY, NOVEMBER 17, 2015",19812,2:15,0021500001
"TUESDAY, NOVEMBER 17, 2015",17269,2:04,0021500001
"TUESDAY, NOVEMBER 17, 2015",19596,2:26,0021500001
"WEDNESDAY, NOVEMBER 18, 2015",14040,2:15,0021500001
"WEDNESDAY, NOVEMBER 18, 2015",16048,2:44,0021500001
"WEDNESDAY, NOVEMBER 18, 2015",11080,2:11,0021500001
"WEDNESDAY, NOVEMBER 18, 2015",17262,2:25,0021500001
"WEDNESDAY, NOVEMBER 18, 2015",13008,2:10,0021500001
"WEDNESDAY, NOVEMBER 18, 2015",17107,2:40,0021500001
"WEDNESDAY, NOVEMBER 18, 2015",18203,2:21,0021500001
"WEDNESDAY, NOVEMBER 18, 2015",18418,1:60,0021500001
"WEDNESDAY, NOVEMBER 18, 2015",18741,2:16,0021500001
"WEDNESDAY, NOVEMBER 18, 2015",17377,2:14,0021500001
"THURSDAY, NOVEMBER 19, 2015",19600,2:20,0021500001
"THURSDAY, NOVEMBER 19, 2015",20562,2:29,0021500001
"THURSDAY, NOVEMBER 19, 2015",19528,2:32,0021500001
"FRIDAY, NOVEMBER 20, 2015",17926,2:07,0021500001
"FRIDAY, NOVEMBER 20, 2015",18361,2:02,0021500001
"FRIDAY, NOVEMBER 20, 2015",17555,2:15,0021500001
"FRIDAY, NOVEMBER 20, 2015",13445,2:11,0021500001
"FRIDAY, NOVEMBER 20, 2015",16698,2:11,0021500001
"FRIDAY, NOVEMBER 20, 2015",18203,2:15,0021500001
"FRIDAY, NOVEMBER 20, 2015",20028,2:04,0021500001
"FRIDAY, NOVEMBER 20, 2015",12264,2:22,0021500001
"FRIDAY, NOVEMBER 20, 2015",19393,2:23,0021500001
"FRIDAY, NOVEMBER 20, 2015",19596,2:16,0021500001
"FRIDAY, NOVEMBER 20, 2015",18997,2:06,0021500001
"SATURDAY, NOVEMBER 21, 2015",16104,2:09,0021500001
"SATURDAY, NOVEMBER 21, 2015",17137,2:03,0021500001
"SATURDAY, NOVEMBER 21, 2015",20562,2:08,0021500001
"SATURDAY, NOVEMBER 21, 2015",15890,2:13,0021500001
"SATURDAY, NOVEMBER 21, 2015",19673,2:35,0021500001
"SATURDAY, NOVEMBER 21, 2015",18226,2:24,0021500001
"SATURDAY, NOVEMBER 21, 2015",18418,2:12,0021500001
"SUNDAY, NOVEMBER 22, 2015",19060,2:21,0021500001
"SUNDAY, NOVEMBER 22, 2015",14866,2:13,0021500001
"SUNDAY, NOVEMBER 22, 2015",16680,2:28,0021500001
"SUNDAY, NOVEMBER 22, 2015",18203,2:21,0021500001
"SUNDAY, NOVEMBER 22, 2015",17689,2:19,0021500001
"SUNDAY, NOVEMBER 22, 2015",18997,2:04,0021500001
"MONDAY, NOVEMBER 23, 2015",14163,2:33,0021500001
"MONDAY, NOVEMBER 23, 2015",20562,2:03,0021500001
"MONDAY, NOVEMBER 23, 2015",19777,2:08,0021500001
"MONDAY, NOVEMBER 23, 2015",12319,2:11,0021500001
"MONDAY, NOVEMBER 23, 2015",11382,2:27,0021500001
"MONDAY, NOVEMBER 23, 2015",18418,2:02,0021500001
"MONDAY, NOVEMBER 23, 2015",19911,2:14,0021500001
"TUESDAY, NOVEMBER 24, 2015",15486,2:09,0021500001
"TUESDAY, NOVEMBER 24, 2015",18968,2:18,0021500001
"TUESDAY, NOVEMBER 24, 2015",17381,2:19,0021500001
"TUESDAY, NOVEMBER 24, 2015",13257,2:31,0021500001
"TUESDAY, NOVEMBER 24, 2015",19393,2:23,0021500001
"TUESDAY, NOVEMBER 24, 2015",19596,2:05,0021500001
"WEDNESDAY, NOVEMBER 25, 2015",17064,2:08,0021500001
"WEDNESDAY, NOVEMBER 25, 2015",18846,2:18,0021500001
"WEDNESDAY, NOVEMBER 25, 2015",17588,2:14,0021500001
"WEDNESDAY, NOVEMBER 25, 2015",15119,2:02,0021500001
"WEDNESDAY, NOVEMBER 25, 2015",20140,2:14,0021500001
"WEDNESDAY, NOVEMBER 25, 2015",18143,2:17,0021500001
"WEDNESDAY, NOVEMBER 25, 2015",14120,2:18,0021500001
"WEDNESDAY, NOVEMBER 25, 2015",14289,2:19,0021500001
"WEDNESDAY, NOVEMBER 25, 2015",18203,2:02,0021500001
"WEDNESDAY, NOVEMBER 25, 2015",18418,2:06,0021500001
"WEDNESDAY, NOVEMBER 25, 2015",16338,2:25,0021500001
"WEDNESDAY, NOVEMBER 25, 2015",19060,2:14,0021500001
"FRIDAY, NOVEMBER 27, 2015",19093,2:23,0021500001
"FRIDAY, NOVEMBER 27, 2015",16317,2:06,0021500001
"FRIDAY, NOVEMBER 27, 2015",18624,2:08,0021500001
"FRIDAY, NOVEMBER 27, 2015",19812,2:14,0021500001
"FRIDAY, NOVEMBER 27, 2015",18165,2:09,0021500001
"FRIDAY, NOVEMBER 27, 2015",17306,2:25,0021500001
"FRIDAY, NOVEMBER 27, 2015",17684,2:15,0021500001
"FRIDAY, NOVEMBER 27, 2015",18203,2:10,0021500001
"FRIDAY, NOVEMBER 27, 2015",17121,2:08,0021500001
"FRIDAY, NOVEMBER 27, 2015",18055,2:14,0021500001
"FRIDAY, NOVEMBER 27, 2015",17317,2:08,0021500001
"FRIDAY, NOVEMBER 27, 2015",19162,2:13,0021500001
"SATURDAY, NOVEMBER 28, 2015",16841,2:18,0021500001
"SATURDAY, NOVEMBER 28, 2015",20562,2:19,0021500001
"SATURDAY, NOVEMBER 28, 2015",20339,2:12,0021500001
"SATURDAY, NOVEMBER 28, 2015",18418,2:01,0021500001
"SATURDAY, NOVEMBER 28, 2015",19911,2:20,0021500001
"SATURDAY, NOVEMBER 28, 2015",20019,2:12,0021500001
"SATURDAY, NOVEMBER 28, 2015",19596,2:07,0021500001
"SUNDAY, NOVEMBER 29, 2015",14224,2:05,0021500001
"SUNDAY, NOVEMBER 29, 2015",19060,2:19,0021500001
"SUNDAY, NOVEMBER 29, 2015",12823,2:09,0021500001
"SUNDAY, NOVEMBER 29, 2015",16209,2:08,0021500001
"SUNDAY, NOVEMBER 29, 2015",19800,2:09,0021500001
"SUNDAY, NOVEMBER 29, 2015",15322,2:23,0021500001
"SUNDAY, NOVEMBER 29, 2015",19812,2:37,0021500001
"SUNDAY, NOVEMBER 29, 2015",18997,2:28,0021500001
"MONDAY, NOVEMBER 30, 2015",14818,2:23,0021500001
"MONDAY, NOVEMBER 30, 2015",19600,2:13,0021500001
"MONDAY, NOVEMBER 30, 2015",17768,2:16,0021500001
"MONDAY, NOVEMBER 30, 2015",21909,2:06,0021500001
"MONDAY, NOVEMBER 30, 2015",10187,2:09,0021500001
"MONDAY, NOVEMBER 30, 2015",19911,2:13,0021500001
"MONDAY, NOVEMBER 30, 2015",16937,2:22,0021500001
"MONDAY, NOVEMBER 30, 2015",19060,2:32,0021500001
"TUESDAY, DECEMBER 1, 2015",20562,2:19,0021500001
"TUESDAY, DECEMBER 1, 2015",20510,2:18,0021500001
"TUESDAY, DECEMBER 1, 2015",12787,2:09,0021500001
"TUESDAY, DECEMBER 1, 2015",10694,2:19,0021500001
"TUESDAY, DECEMBER 1, 2015",16020,2:16,0021500001
"TUESDAY, DECEMBER 1, 2015",19393,2:33,0021500001
"WEDNESDAY, DECEMBER 2, 2015",19542,2:07,0021500001
"WEDNESDAY, DECEMBER 2, 2015",20356,2:16,0021500001
"WEDNESDAY, DECEMBER 2, 2015",13985,2:47,0021500001
"WEDNESDAY, DECEMBER 2, 2015",19812,2:13,0021500001
"WEDNESDAY, DECEMBER 2, 2015",12559,2:07,0021500001
"WEDNESDAY, DECEMBER 2, 2015",21349,2:14,0021500001
"WEDNESDAY, DECEMBER 2, 2015",17339,2:26,0021500001
"WEDNESDAY, DECEMBER 2, 2015",18418,2:04,0021500001
"WEDNESDAY, DECEMBER 2, 2015",19060,2:35,0021500001
"THURSDAY, DECEMBER 3, 2015",19600,2:25,0021500001
"THURSDAY, DECEMBER 3, 2015",19800,2:24,0021500001
"THURSDAY, DECEMBER 3, 2015",19247,2:15,0021500001
"THURSDAY, DECEMBER 3, 2015",17013,2:19,0021500001
"THURSDAY, DECEMBER 3, 2015",19206,2:06,0021500001
"THURSDAY, DECEMBER 3, 2015",18660,2:15,0021500001
"FRIDAY, DECEMBER 4, 2015",19812,2:13,0021500001
"FRIDAY, DECEMBER 4, 2015",17255,2:20,0021500001
"FRIDAY, DECEMBER 4, 2015",16963,2:20,0021500001
"FRIDAY, DECEMBER 4, 2015",19051,2:01,0021500001
"FRIDAY, DECEMBER 4, 2015",20339,2:20,0021500001
"FRIDAY, DECEMBER 4, 2015",17906,2:48,0021500001
"SATURDAY, DECEMBER 5, 2015",14367,2:22,0021500001
"SATURDAY, DECEMBER 5, 2015",20160,2:30,0021500001
"SATURDAY, DECEMBER 5, 2015",19600,2:23,0021500001
"SATURDAY, DECEMBER 5, 2015",21770,2:09,0021500001
"SATURDAY, DECEMBER 5, 2015",17318,2:17,0021500001
"SATURDAY, DECEMBER 5, 2015",16203,2:24,0021500001
"SATURDAY, DECEMBER 5, 2015",16223,2:12,0021500001
"SATURDAY, DECEMBER 5, 2015",18418,2:19,0021500001
"SATURDAY, DECEMBER 5, 2015",19500,2:50,0021500001
"SATURDAY, DECEMBER 5, 2015",19146,2:14,0021500001
"SUNDAY, DECEMBER 6, 2015",16022,2:21,0021500001
"SUNDAY, DECEMBER 6, 2015",17732,2:10,0021500001
"SUNDAY, DECEMBER 6, 2015",20228,2:13,0021500001
"SUNDAY, DECEMBER 6, 2015",16394,2:12,0021500001
"SUNDAY, DECEMBER 6, 2015",18203,2:28,0021500001
"MONDAY, DECEMBER 7, 2015",15481,2:08,0021500001
"MONDAY, DECEMBER 7, 2015",14449,2:10,0021500001
"MONDAY, DECEMBER 7, 2015",19600,2:19,0021500001
"MONDAY, DECEMBER 7, 2015",19812,2:12,0021500001
"MONDAY, DECEMBER 7, 2015",20163,2:13,0021500001
"MONDAY, DECEMBER 7, 2015",21337,2:13,0021500001
"MONDAY, DECEMBER 7, 2015",14389,2:24,0021500001
"MONDAY, DECEMBER 7, 2015",11467,2:39,0021500001
"MONDAY, DECEMBER 7, 2015",15715,2:06,0021500001
"TUESDAY, DECEMBER 8, 2015",20562,2:21,0021500001
"TUESDAY, DECEMBER 8, 2015",18165,2:15,0021500001
"TUESDAY, DECEMBER 8, 2015",13319,2:10,0021500001
"TUESDAY, DECEMBER 8, 2015",16415,2:09,0021500001
"TUESDAY, DECEMBER 8, 2015",13925,2:05,0021500001
"TUESDAY, DECEMBER 8, 2015",16505,2:13,0021500001
"WEDNESDAY, DECEMBER 9, 2015",17318,2:25,0021500001
"WEDNESDAY, DECEMBER 9, 2015",17404,2:01,0021500001
"WEDNESDAY, DECEMBER 9, 2015",16041,2:22,0021500001
"WEDNESDAY, DECEMBER 9, 2015",13411,2:08,0021500001
"WEDNESDAY, DECEMBER 9, 2015",19800,2:12,0021500001
"WEDNESDAY, DECEMBER 9, 2015",14224,2:17,0021500001
"WEDNESDAY, DECEMBER 9, 2015",18076,2:39,0021500001
"WEDNESDAY, DECEMBER 9, 2015",17637,2:19,0021500001
"WEDNESDAY, DECEMBER 9, 2015",18586,2:14,0021500001
"WEDNESDAY, DECEMBER 9, 2015",19936,2:16,0021500001
"THURSDAY, DECEMBER 10, 2015",13266,2:20,0021500001
"THURSDAY, DECEMBER 10, 2015",21491,2:12,0021500001
"THURSDAY, DECEMBER 10, 2015",18203,2:06,0021500001
"THURSDAY, DECEMBER 10, 2015",17317,2:23,0021500001
"FRIDAY, DECEMBER 11, 2015",16184,2:13,0021500001
"FRIDAY, DECEMBER 11, 2015",17239,2:08,0021500001
"FRIDAY, DECEMBER 11, 2015",14020,2:12,0021500001
"FRIDAY, DECEMBER 11, 2015",18624,2:56,0021500001
"FRIDAY, DECEMBER 11, 2015",19800,2:10,0021500001
"FRIDAY, DECEMBER 11, 2015",17111,2:18,0021500001
"FRIDAY, DECEMBER 11, 2015",16875,2:15,0021500001
"FRIDAY, DECEMBER 11, 2015",12533,2:47,0021500001
"FRIDAY, DECEMBER 11, 2015",19911,2:11,0021500001
"FRIDAY, DECEMBER 11, 2015",18418,2:11,0021500001
"FRIDAY, DECEMBER 11, 2015",17028,1:56,0021500001
"SATURDAY, DECEMBER 12, 2015",15689,2:18,0021500001
"SATURDAY, DECEMBER 12, 2015",18490,2:05,0021500001
"SATURDAY, DECEMBER 12, 2015",14858,2:06,0021500001
"SATURDAY, DECEMBER 12, 2015",17752,2:06,0021500001
"SATURDAY, DECEMBER 12, 2015",21605,2:09,0021500001
"SATURDAY, DECEMBER 12, 2015",18456,2:06,0021500001
"SATURDAY, DECEMBER 12, 2015",20088,2:19,0021500001
"SATURDAY, DECEMBER 12, 2015",18717,2:07,0021500001
"SATURDAY, DECEMBER 12, 2015",19511,2:25,0021500001
"SUNDAY, DECEMBER 13, 2015",16919,2:20,0021500001
"SUNDAY, DECEMBER 13, 2015",19813,2:10,0021500001
"SUNDAY, DECEMBER 13, 2015",19800,2:16,0021500001
"SUNDAY, DECEMBER 13, 2015",18203,2:29,0021500001
"MONDAY, DECEMBER 14, 2015",16598,2:09,0021500001
"MONDAY, DECEMBER 14, 2015",12946,2:04,0021500001
"MONDAY, DECEMBER 14, 2015",13525,2:43,0021500001
"MONDAY, DECEMBER 14, 2015",15039,2:10,0021500001
"MONDAY, DECEMBER 14, 2015",21166,2:02,0021500001
"MONDAY, DECEMBER 14, 2015",15397,2:06,0021500001
"MONDAY, DECEMBER 14, 2015",19822,2:18,0021500001
"MONDAY, DECEMBER 14, 2015",18418,2:05,0021500001
"MONDAY, DECEMBER 14, 2015",12022,2:13,0021500001
"MONDAY, DECEMBER 14, 2015",19231,2:16,0021500001
"TUESDAY, DECEMBER 15, 2015",18624,2:03,0021500001
"TUESDAY, DECEMBER 15, 2015",11323,2:18,0021500001
"TUESDAY, DECEMBER 15, 2015",17317,2:20,0021500001
"TUESDAY, DECEMBER 15, 2015",18997,2:01,0021500001
"WEDNESDAY, DECEMBER 16, 2015",14824,2:02,0021500001
"WEDNESDAY, DECEMBER 16, 2015",16019,2:01,0021500001
"WEDNESDAY, DECEMBER 16, 2015",15113,2:08,0021500001
"WEDNESDAY, DECEMBER 16, 2015",13120,2:31,0021500001
"WEDNESDAY, DECEMBER 16, 2015",19812,2:22,0021500001
"WEDNESDAY, DECEMBER 16, 2015",14827,2:21,0021500001
"WEDNESDAY, DECEMBER 16, 2015",21032,2:17,0021500001
"WEDNESDAY, DECEMBER 16, 2015",18203,2:12,0021500001
"WEDNESDAY, DECEMBER 16, 2015",18418,2:11,0021500001
"WEDNESDAY, DECEMBER 16, 2015",17899,2:16,0021500001
"WEDNESDAY, DECEMBER 16, 2015",19596,2:16,0021500001
"WEDNESDAY, DECEMBER 16, 2015",19060,2:06,0021500001
"THURSDAY, DECEMBER 17, 2015",15817,2:34,0021500001
"THURSDAY, DECEMBER 17, 2015",20562,2:26,0021500001
"THURSDAY, DECEMBER 17, 2015",18997,2:26,0021500001
"FRIDAY, DECEMBER 18, 2015",16548,2:04,0021500001
"FRIDAY, DECEMBER 18, 2015",17156,2:16,0021500001
"FRIDAY, DECEMBER 18, 2015",17880,2:22,0021500001
"FRIDAY, DECEMBER 18, 2015",18624,2:23,0021500001
"FRIDAY, DECEMBER 18, 2015",19600,2:06,0021500001
"FRIDAY, DECEMBER 18, 2015",21534,3:25,0021500001
"FRIDAY, DECEMBER 18, 2015",12770,2:17,0021500001
"FRIDAY, DECEMBER 18, 2015",18418,2:37,0021500001
"FRIDAY, DECEMBER 18, 2015",20199,2:13,0021500001
"FRIDAY, DECEMBER 18, 2015",19169,2:12,0021500001
"FRIDAY, DECEMBER 18, 2015",17227,2:23,0021500001
"FRIDAY, DECEMBER 18, 2015",19596,2:19,0021500001
"SATURDAY, DECEMBER 19, 2015",18203,2:01,0021500001
"SATURDAY, DECEMBER 19, 2015",16987,2:03,0021500001
"SATURDAY, DECEMBER 19, 2015",19812,2:05,0021500001
"SATURDAY, DECEMBER 19, 2015",18212,2:32,0021500001
"SATURDAY, DECEMBER 19, 2015",18119,2:12,0021500001
"SUNDAY, DECEMBER 20, 2015",14552,2:05,0021500001
"SUNDAY, DECEMBER 20, 2015",19600,2:15,0021500001
"SUNDAY, DECEMBER 20, 2015",20562,2:15,0021500001
"SUNDAY, DECEMBER 20, 2015",16859,2:22,0021500001
"SUNDAY, DECEMBER 20, 2015",16982,2:12,0021500001
"SUNDAY, DECEMBER 20, 2015",19800,2:12,0021500001
"SUNDAY, DECEMBER 20, 2015",13857,2:20,0021500001
"MONDAY, DECEMBER 21, 2015",15124,2:09,0021500001
"MONDAY, DECEMBER 21, 2015",18624,2:08,0021500001
"MONDAY, DECEMBER 21, 2015",19812,2:02,0021500001
"MONDAY, DECEMBER 21, 2015",18373,2:18,0021500001
"MONDAY, DECEMBER 21, 2015",21825,2:10,0021500001
"MONDAY, DECEMBER 21, 2015",18236,2:30,0021500001
"MONDAY, DECEMBER 21, 2015",18418,1:57,0021500001
"MONDAY, DECEMBER 21, 2015",19911,2:13,0021500001
"MONDAY, DECEMBER 21, 2015",19415,2:10,0021500001
"TUESDAY, DECEMBER 22, 2015",15552,2:22,0021500001
"TUESDAY, DECEMBER 22, 2015",19901,2:04,0021500001
"TUESDAY, DECEMBER 22, 2015",19800,2:21,0021500001
"TUESDAY, DECEMBER 22, 2015",19124,2:13,0021500001
"WEDNESDAY, DECEMBER 23, 2015",19082,2:15,0021500001
"WEDNESDAY, DECEMBER 23, 2015",20562,2:11,0021500001
"WEDNESDAY, DECEMBER 23, 2015",18165,2:11,0021500001
"WEDNESDAY, DECEMBER 23, 2015",17061,2:07,0021500001
"WEDNESDAY, DECEMBER 23, 2015",15879,2:11,0021500001
"WEDNESDAY, DECEMBER 23, 2015",15994,2:34,0021500001
"WEDNESDAY, DECEMBER 23, 2015",17575,2:19,0021500001
"WEDNESDAY, DECEMBER 23, 2015",15754,2:09,0021500001
"WEDNESDAY, DECEMBER 23, 2015",16788,2:04,0021500001
"WEDNESDAY, DECEMBER 23, 2015",16686,2:07,0021500001
"WEDNESDAY, DECEMBER 23, 2015",17034,2:16,0021500001
"WEDNESDAY, DECEMBER 23, 2015",19596,1:58,0021500001
"WEDNESDAY, DECEMBER 23, 2015",18997,2:05,0021500001
"FRIDAY, DECEMBER 25, 2015",19845,2:39,0021500001
"FRIDAY, DECEMBER 25, 2015",18203,2:16,0021500001
"FRIDAY, DECEMBER 25, 2015",19596,2:26,0021500001
"FRIDAY, DECEMBER 25, 2015",18319,2:22,0021500001
"FRIDAY, DECEMBER 25, 2015",18997,2:08,0021500001
"SATURDAY, DECEMBER 26, 2015",16329,2:05,0021500001
"SATURDAY, DECEMBER 26, 2015",19015,2:05,0021500001
"SATURDAY, DECEMBER 26, 2015",19091,2:18,0021500001
"SATURDAY, DECEMBER 26, 2015",18846,2:09,0021500001
"SATURDAY, DECEMBER 26, 2015",18248,2:17,0021500001
"SATURDAY, DECEMBER 26, 2015",18288,2:21,0021500001
"SATURDAY, DECEMBER 26, 2015",17732,2:06,0021500001
"SATURDAY, DECEMBER 26, 2015",15076,2:05,0021500001
"SATURDAY, DECEMBER 26, 2015",20392,2:20,0021500001
"SATURDAY, DECEMBER 26, 2015",18420,1:55,0021500001
"SATURDAY, DECEMBER 26, 2015",17548,2:30,0021500001
"SATURDAY, DECEMBER 26, 2015",19911,2:27,0021500001
"SATURDAY, DECEMBER 26, 2015",19393,2:03,0021500001
"SUNDAY, DECEMBER 27, 2015",18624,2:15,0021500001
"SUNDAY, DECEMBER 27, 2015",18119,2:07,0021500001
"SUNDAY, DECEMBER 27, 2015",18203,2:11,0021500001
"SUNDAY, DECEMBER 27, 2015",17317,2:23,0021500001
"MONDAY, DECEMBER 28, 2015",19632,2:00,0021500001
"MONDAY, DECEMBER 28, 2015",18165,2:13,0021500001
"MONDAY, DECEMBER 28, 2015",17606,2:01,0021500001
"MONDAY, DECEMBER 28, 2015",20356,2:10,0021500001
"MONDAY, DECEMBER 28, 2015",19975,2:24,0021500001
"MONDAY, DECEMBER 28, 2015",21898,2:11,0021500001
"MONDAY, DECEMBER 28, 2015",20300,2:10,0021500001
"MONDAY, DECEMBER 28, 2015",18493,2:20,0021500001
"MONDAY, DECEMBER 28, 2015",18319,2:14,0021500001
"MONDAY, DECEMBER 28, 2015",19911,2:30,0021500001
"MONDAY, DECEMBER 28, 2015",19596,2:10,0021500001
"TUESDAY, DECEMBER 29, 2015",19812,2:07,0021500001
"TUESDAY, DECEMBER 29, 2015",18211,2:20,0021500001
"TUESDAY, DECEMBER 29, 2015",18119,2:36,0021500001
"TUESDAY, DECEMBER 29, 2015",18203,2:15,0021500001
"TUESDAY, DECEMBER 29, 2015",17523,2:08,0021500001
"WEDNESDAY, DECEMBER 30, 2015",19145,2:23,0021500001
"WEDNESDAY, DECEMBER 30, 2015",18397,2:10,0021500001
"WEDNESDAY, DECEMBER 30, 2015",18624,2:24,0021500001
"WEDNESDAY, DECEMBER 30, 2015",19800,2:26,0021500001
"WEDNESDAY, DECEMBER 30, 2015",22206,2:37,0021500001
"WEDNESDAY, DECEMBER 30, 2015",14326,2:16,0021500001
"WEDNESDAY, DECEMBER 30, 2015",20494,2:05,0021500001
"WEDNESDAY, DECEMBER 30, 2015",18418,2:05,0021500001
"WEDNESDAY, DECEMBER 30, 2015",19393,2:09,0021500001
"WEDNESDAY, DECEMBER 30, 2015",17317,2:26,0021500001
"THURSDAY, DECEMBER 31, 2015",16348,2:22,0021500001
"THURSDAY, DECEMBER 31, 2015",18313,2:18,0021500001
"THURSDAY, DECEMBER 31, 2015",15475,2:08,0021500001
"THURSDAY, DECEMBER 31, 2015",16920,2:17,0021500001
"THURSDAY, DECEMBER 31, 2015",18203,2:09,0021500001
"THURSDAY, DECEMBER 31, 2015",19380,1:60,0021500001
"FRIDAY, JANUARY 1, 2016",16986,1:57,0021500001
"FRIDAY, JANUARY 1, 2016",19748,2:02,0021500001
"FRIDAY, JANUARY 1, 2016",19800,2:09,0021500001
"FRIDAY, JANUARY 1, 2016",22443,2:06,0021500001
"FRIDAY, JANUARY 1, 2016",18997,2:14,0021500001
"SATURDAY, JANUARY 2, 2016",18624,2:20,0021500001
"SATURDAY, JANUARY 2, 2016",17317,2:19,0021500001
"SATURDAY, JANUARY 2, 2016",19387,2:22,0021500001
"SATURDAY, JANUARY 2, 2016",18165,2:13,0021500001
"SATURDAY, JANUARY 2, 2016",20562,2:10,0021500001
"SATURDAY, JANUARY 2, 2016",14107,2:09,0021500001
"SATURDAY, JANUARY 2, 2016",20152,2:13,0021500001
"SATURDAY, JANUARY 2, 2016",18652,2:12,0021500001
"SATURDAY, JANUARY 2, 2016",18455,2:41,0021500001
"SATURDAY, JANUARY 2, 2016",19596,2:25,0021500001
"SATURDAY, JANUARY 2, 2016",19212,2:06,0021500001
"SUNDAY, JANUARY 3, 2016",19812,2:03,0021500001
"SUNDAY, JANUARY 3, 2016",19800,2:14,0021500001
"SUNDAY, JANUARY 3, 2016",17793,2:02,0021500001
"SUNDAY, JANUARY 3, 2016",11883,2:28,0021500001
"SUNDAY, JANUARY 3, 2016",18997,2:02,0021500001
"MONDAY, JANUARY 4, 2016",20562,2:12,0021500001
"MONDAY, JANUARY 4, 2016",14013,2:20,0021500001
"MONDAY, JANUARY 4, 2016",15448,2:10,0021500001
"MONDAY, JANUARY 4, 2016",14301,2:06,0021500001
"MONDAY, JANUARY 4, 2016",19874,2:39,0021500001
"MONDAY, JANUARY 4, 2016",14718,2:10,0021500001
"MONDAY, JANUARY 4, 2016",18203,2:16,0021500001
"MONDAY, JANUARY 4, 2016",17912,2:23,0021500001
"MONDAY, JANUARY 4, 2016",18832,2:15,0021500001
"MONDAY, JANUARY 4, 2016",19596,1:59,0021500001
"TUESDAY, JANUARY 5, 2016",15082,2:29,0021500001
"TUESDAY, JANUARY 5, 2016",21686,1:60,0021500001
"TUESDAY, JANUARY 5, 2016",20059,2:47,0021500001
"TUESDAY, JANUARY 5, 2016",18997,2:05,0021500001
"WEDNESDAY, JANUARY 6, 2016",19987,2:17,0021500001
"WEDNESDAY, JANUARY 6, 2016",18846,2:10,0021500001
"WEDNESDAY, JANUARY 6, 2016",20356,2:09,0021500001
"WEDNESDAY, JANUARY 6, 2016",18624,2:25,0021500001
"WEDNESDAY, JANUARY 6, 2016",14544,2:01,0021500001
"WEDNESDAY, JANUARY 6, 2016",12059,2:17,0021500001
"WEDNESDAY, JANUARY 6, 2016",15255,2:09,0021500001
"WEDNESDAY, JANUARY 6, 2016",18418,2:00,0021500001
"WEDNESDAY, JANUARY 6, 2016",16910,2:06,0021500001
"WEDNESDAY, JANUARY 6, 2016",18203,2:24,0021500001
"WEDNESDAY, JANUARY 6, 2016",18598,2:11,0021500001
"THURSDAY, JANUARY 7, 2016",12611,2:10,0021500001
"THURSDAY, JANUARY 7, 2016",21497,2:12,0021500001
"THURSDAY, JANUARY 7, 2016",18155,2:13,0021500001
"THURSDAY, JANUARY 7, 2016",17386,2:28,0021500001
"FRIDAY, JANUARY 8, 2016",17064,2:17,0021500001
"FRIDAY, JANUARY 8, 2016",13907,2:02,0021500001
"FRIDAY, JANUARY 8, 2016",17499,2:23,0021500001
"FRIDAY, JANUARY 8, 2016",16768,2:18,0021500001
"FRIDAY, JANUARY 8, 2016",16895,2:09,0021500001
"FRIDAY, JANUARY 8, 2016",16409,2:18,0021500001
"FRIDAY, JANUARY 8, 2016",18420,2:03,0021500001
"FRIDAY, JANUARY 8, 2016",16866,2:18,0021500001
"FRIDAY, JANUARY 8, 2016",20035,2:04,0021500001
"FRIDAY, JANUARY 8, 2016",18997,2:25,0021500001
"SATURDAY, JANUARY 9, 2016",19060,2:02,0021500001
"SATURDAY, JANUARY 9, 2016",19010,2:11,0021500001
"SATURDAY, JANUARY 9, 2016",18058,2:13,0021500001
"SATURDAY, JANUARY 9, 2016",16406,1:57,0021500001
"SATURDAY, JANUARY 9, 2016",14100,2:09,0021500001
"SATURDAY, JANUARY 9, 2016",19911,2:10,0021500001
"SATURDAY, JANUARY 9, 2016",17317,2:18,0021500001
"SUNDAY, JANUARY 10, 2016",14363,2:19,0021500001
"SUNDAY, JANUARY 10, 2016",19060,2:44,0021500001
"SUNDAY, JANUARY 10, 2016",19226,2:11,0021500001
"SUNDAY, JANUARY 10, 2016",17112,2:26,0021500001
"SUNDAY, JANUARY 10, 2016",18133,2:28,0021500001
"SUNDAY, JANUARY 10, 2016",19812,2:10,0021500001
"SUNDAY, JANUARY 10, 2016",11343,2:08,0021500001
"SUNDAY, JANUARY 10, 2016",19393,2:17,0021500001
"SUNDAY, JANUARY 10, 2016",18997,2:08,0021500001
"MONDAY, JANUARY 11, 2016",15214,2:04,0021500001
"MONDAY, JANUARY 11, 2016",21409,2:06,0021500001
"MONDAY, JANUARY 11, 2016",19596,2:13,0021500001
"TUESDAY, JANUARY 12, 2016",15284,2:30,0021500001
"TUESDAY, JANUARY 12, 2016",14273,2:30,0021500001
"TUESDAY, JANUARY 12, 2016",19812,2:16,0021500001
"TUESDAY, JANUARY 12, 2016",16044,2:15,0021500001
"TUESDAY, JANUARY 12, 2016",16867,2:22,0021500001
"TUESDAY, JANUARY 12, 2016",14791,2:15,0021500001
"TUESDAY, JANUARY 12, 2016",20347,2:33,0021500001
"TUESDAY, JANUARY 12, 2016",18997,2:10,0021500001
"WEDNESDAY, JANUARY 13, 2016",15334,2:08,0021500001
"WEDNESDAY, JANUARY 13, 2016",16248,2:15,0021500001
"WEDNESDAY, JANUARY 13, 2016",17732,2:09,0021500001
"WEDNESDAY, JANUARY 13, 2016",18624,2:18,0021500001
"WEDNESDAY, JANUARY 13, 2016",17115,2:21,0021500001
"WEDNESDAY, JANUARY 13, 2016",18203,2:24,0021500001
"WEDNESDAY, JANUARY 13, 2016",18004,2:20,0021500001
"WEDNESDAY, JANUARY 13, 2016",19393,2:05,0021500001
"WEDNESDAY, JANUARY 13, 2016",17317,2:03,0021500001
"WEDNESDAY, JANUARY 13, 2016",19194,2:21,0021500001
"THURSDAY, JANUARY 14, 2016",14063,2:40,0021500001
"THURSDAY, JANUARY 14, 2016",18689,2:37,0021500001
"THURSDAY, JANUARY 14, 2016",15977,2:09,0021500001
"THURSDAY, JANUARY 14, 2016",18418,2:24,0021500001
"THURSDAY, JANUARY 14, 2016",17894,2:26,0021500001
"THURSDAY, JANUARY 14, 2016",19596,2:13,0021500001
"FRIDAY, JANUARY 15, 2016",18165,2:10,0021500001
"FRIDAY, JANUARY 15, 2016",18203,2:17,0021500001
"FRIDAY, JANUARY 15, 2016",18624,2:09,0021500001
"FRIDAY, JANUARY 15, 2016",14749,2:04,0021500001
"FRIDAY, JANUARY 15, 2016",22056,2:08,0021500001
"FRIDAY, JANUARY 15, 2016",16876,2:09,0021500001
"FRIDAY, JANUARY 15, 2016",15144,2:34,0021500001
"FRIDAY, JANUARY 15, 2016",15406,2:16,0021500001
"FRIDAY, JANUARY 15, 2016",18320,2:28,0021500001
"SATURDAY, JANUARY 16, 2016",17052,2:02,0021500001
"SATURDAY, JANUARY 16, 2016",18288,2:08,0021500001
"SATURDAY, JANUARY 16, 2016",20356,2:32,0021500001
"SATURDAY, JANUARY 16, 2016",21584,2:26,0021500001
"SATURDAY, JANUARY 16, 2016",15698,2:15,0021500001
"SATURDAY, JANUARY 16, 2016",18119,2:21,0021500001
"SATURDAY, JANUARY 16, 2016",19911,1:60,0021500001
"SATURDAY, JANUARY 16, 2016",19191,2:18,0021500001
"SUNDAY, JANUARY 17, 2016",14330,2:14,0021500001
"SUNDAY, JANUARY 17, 2016",18203,2:05,0021500001
"SUNDAY, JANUARY 17, 2016",18418,2:14,0021500001
"SUNDAY, JANUARY 17, 2016",11104,2:29,0021500001
"SUNDAY, JANUARY 17, 2016",18997,2:02,0021500001
"MONDAY, JANUARY 18, 2016",19812,2:59,0021500001
"MONDAY, JANUARY 18, 2016",17459,2:52,0021500001
"MONDAY, JANUARY 18, 2016",17236,2:03,0021500001
"MONDAY, JANUARY 18, 2016",18119,2:32,0021500001
"MONDAY, JANUARY 18, 2016",18935,2:05,0021500001
"MONDAY, JANUARY 18, 2016",17460,1:58,0021500001
"MONDAY, JANUARY 18, 2016",19800,2:04,0021500001
"MONDAY, JANUARY 18, 2016",20562,2:28,0021500001
"MONDAY, JANUARY 18, 2016",19866,2:41,0021500001
"MONDAY, JANUARY 18, 2016",19060,2:58,0021500001
"TUESDAY, JANUARY 19, 2016",19886,2:09,0021500001
"TUESDAY, JANUARY 19, 2016",14255,2:17,0021500001
"TUESDAY, JANUARY 19, 2016",12844,2:25,0021500001
"TUESDAY, JANUARY 19, 2016",16802,2:26,0021500001
"WEDNESDAY, JANUARY 20, 2016",17746,2:07,0021500001
"WEDNESDAY, JANUARY 20, 2016",17008,2:06,0021500001
"WEDNESDAY, JANUARY 20, 2016",17732,1:59,0021500001
"WEDNESDAY, JANUARY 20, 2016",19812,2:43,0021500001
"WEDNESDAY, JANUARY 20, 2016",19800,2:09,0021500001
"WEDNESDAY, JANUARY 20, 2016",23152,2:12,0021500001
"WEDNESDAY, JANUARY 20, 2016",17203,2:26,0021500001
"WEDNESDAY, JANUARY 20, 2016",18203,2:11,0021500001
"WEDNESDAY, JANUARY 20, 2016",19621,2:23,0021500001
"WEDNESDAY, JANUARY 20, 2016",18997,2:17,0021500001
"WEDNESDAY, JANUARY 20, 2016",18783,2:25,0021500001
"THURSDAY, JANUARY 21, 2016",20562,2:28,0021500001
"THURSDAY, JANUARY 21, 2016",15281,2:06,0021500001
"THURSDAY, JANUARY 21, 2016",16140,2:23,0021500001
"THURSDAY, JANUARY 21, 2016",17019,2:16,0021500001
"THURSDAY, JANUARY 21, 2016",16779,2:19,0021500001
"FRIDAY, JANUARY 22, 2016",18083,2:34,0021500001
"FRIDAY, JANUARY 22, 2016",18624,2:11,0021500001
"FRIDAY, JANUARY 22, 2016",12809,2:02,0021500001
"FRIDAY, JANUARY 22, 2016",19812,2:20,0021500001
"FRIDAY, JANUARY 22, 2016",19800,2:16,0021500001
"FRIDAY, JANUARY 22, 2016",17196,2:15,0021500001
"FRIDAY, JANUARY 22, 2016",20284,2:08,0021500001
"FRIDAY, JANUARY 22, 2016",19596,2:23,0021500001
"FRIDAY, JANUARY 22, 2016",18997,1:58,0021500001
"THURSDAY, FEBRUARY 18, 2016",12415,2:08,0021500001
"SATURDAY, JANUARY 23, 2016",17768,2:19,0021500001
"SUNDAY, JANUARY 24, 2016",9722,2:05,0021500001
"SATURDAY, JANUARY 23, 2016",16980,2:05,0021500001
"SATURDAY, JANUARY 23, 2016",15608,2:20,0021500001
"SATURDAY, JANUARY 23, 2016",20562,2:16,0021500001
"SATURDAY, JANUARY 23, 2016",17034,2:13,0021500001
"SATURDAY, JANUARY 23, 2016",14646,2:21,0021500001
"SATURDAY, JANUARY 23, 2016",19728,2:08,0021500001
"SATURDAY, JANUARY 23, 2016",17419,2:22,0021500001
"SUNDAY, JANUARY 24, 2016",16019,2:06,0021500001
"SUNDAY, JANUARY 24, 2016",18142,2:14,0021500001
"SUNDAY, JANUARY 24, 2016",19800,2:21,0021500001
"MONDAY, JANUARY 25, 2016",20562,2:15,0021500001
"MONDAY, JANUARY 25, 2016",11753,2:09,0021500001
"MONDAY, JANUARY 25, 2016",21720,2:08,0021500001
"MONDAY, JANUARY 25, 2016",15779,2:26,0021500001
"MONDAY, JANUARY 25, 2016",15688,2:20,0021500001
"MONDAY, JANUARY 25, 2016",10280,2:14,0021500001
"MONDAY, JANUARY 25, 2016",18783,2:21,0021500001
"MONDAY, JANUARY 25, 2016",16991,3:11,0021500001
"MONDAY, JANUARY 25, 2016",19596,2:14,0021500001
"TUESDAY, JANUARY 26, 2016",15448,2:25,0021500001
"TUESDAY, JANUARY 26, 2016",10851,2:19,0021500001
"TUESDAY, JANUARY 26, 2016",15267,2:07,0021500001
"TUESDAY, JANUARY 26, 2016",19812,2:39,0021500001
"TUESDAY, JANUARY 26, 2016",19800,2:17,0021500001
"TUESDAY, JANUARY 26, 2016",11884,2:20,0021500001
"TUESDAY, JANUARY 26, 2016",19393,2:12,0021500001
"TUESDAY, JANUARY 26, 2016",18997,2:16,0021500001
"WEDNESDAY, JANUARY 27, 2016",20562,2:08,0021500001
"WEDNESDAY, JANUARY 27, 2016",18108,2:13,0021500001
"WEDNESDAY, JANUARY 27, 2016",13712,2:25,0021500001
"WEDNESDAY, JANUARY 27, 2016",17664,2:19,0021500001
"WEDNESDAY, JANUARY 27, 2016",13337,2:16,0021500001
"WEDNESDAY, JANUARY 27, 2016",18418,2:28,0021500001
"WEDNESDAY, JANUARY 27, 2016",16683,2:06,0021500001
"WEDNESDAY, JANUARY 27, 2016",19596,2:11,0021500001
"THURSDAY, JANUARY 28, 2016",15196,2:11,0021500001
"THURSDAY, JANUARY 28, 2016",15146,2:31,0021500001
"THURSDAY, JANUARY 28, 2016",19800,2:18,0021500001
"THURSDAY, JANUARY 28, 2016",15244,2:09,0021500001
"THURSDAY, JANUARY 28, 2016",15636,2:08,0021500001
"THURSDAY, JANUARY 28, 2016",18997,2:14,0021500001
"FRIDAY, JANUARY 29, 2016",17729,2:05,0021500001
"FRIDAY, JANUARY 29, 2016",21012,2:15,0021500001
"FRIDAY, JANUARY 29, 2016",19812,2:03,0021500001
"FRIDAY, JANUARY 29, 2016",18203,2:25,0021500001
"FRIDAY, JANUARY 29, 2016",20409,2:04,0021500001
"FRIDAY, JANUARY 29, 2016",17846,2:23,0021500001
"FRIDAY, JANUARY 29, 2016",18850,2:13,0021500001
"FRIDAY, JANUARY 29, 2016",19393,2:05,0021500001
"FRIDAY, JANUARY 29, 2016",19495,2:07,0021500001
"SATURDAY, JANUARY 30, 2016",20798,2:09,0021500001
"SATURDAY, JANUARY 30, 2016",19800,2:35,0021500001
"SATURDAY, JANUARY 30, 2016",18165,2:27,0021500001
"SATURDAY, JANUARY 30, 2016",18037,2:07,0021500001
"SATURDAY, JANUARY 30, 2016",18320,2:33,0021500001
"SATURDAY, JANUARY 30, 2016",18119,2:26,0021500001
"SATURDAY, JANUARY 30, 2016",20562,2:14,0021500001
"SUNDAY, JANUARY 31, 2016",19325,2:09,0021500001
"SUNDAY, JANUARY 31, 2016",19937,2:17,0021500001
"SUNDAY, JANUARY 31, 2016",18846,2:22,0021500001
"SUNDAY, JANUARY 31, 2016",20137,2:13,0021500001
"SUNDAY, JANUARY 31, 2016",19812,2:12,0021500001
"SUNDAY, JANUARY 31, 2016",19393,2:17,0021500001
"SUNDAY, JANUARY 31, 2016",18997,2:09,0021500001
"MONDAY, FEBRUARY 1, 2016",17283,2:33,0021500001
"MONDAY, FEBRUARY 1, 2016",13290,2:04,0021500001
"MONDAY, FEBRUARY 1, 2016",15455,2:18,0021500001
"MONDAY, FEBRUARY 1, 2016",15210,2:08,0021500001
"MONDAY, FEBRUARY 1, 2016",18203,2:03,0021500001
"MONDAY, FEBRUARY 1, 2016",18418,1:59,0021500001
"MONDAY, FEBRUARY 1, 2016",10007,2:07,0021500001
"MONDAY, FEBRUARY 1, 2016",18811,2:38,0021500001
"MONDAY, FEBRUARY 1, 2016",16827,2:13,0021500001
"TUESDAY, FEBRUARY 2, 2016",19812,2:10,0021500001
"TUESDAY, FEBRUARY 2, 2016",18229,2:10,0021500001
"TUESDAY, FEBRUARY 2, 2016",15897,2:18,0021500001
"TUESDAY, FEBRUARY 2, 2016",18306,2:13,0021500001
"TUESDAY, FEBRUARY 2, 2016",18997,2:21,0021500001
"WEDNESDAY, FEBRUARY 3, 2016",19189,2:10,0021500001
"WEDNESDAY, FEBRUARY 3, 2016",10429,2:04,0021500001
"WEDNESDAY, FEBRUARY 3, 2016",17297,2:12,0021500001
"WEDNESDAY, FEBRUARY 3, 2016",13311,2:08,0021500001
"WEDNESDAY, FEBRUARY 3, 2016",20356,2:21,0021500001
"WEDNESDAY, FEBRUARY 3, 2016",18203,2:09,0021500001
"WEDNESDAY, FEBRUARY 3, 2016",20385,2:13,0021500001
"WEDNESDAY, FEBRUARY 3, 2016",18418,2:02,0021500001
"WEDNESDAY, FEBRUARY 3, 2016",19461,2:24,0021500001
"WEDNESDAY, FEBRUARY 3, 2016",17317,2:17,0021500001
"WEDNESDAY, FEBRUARY 3, 2016",19060,2:31,0021500001
"THURSDAY, FEBRUARY 4, 2016",17095,2:33,0021500001
"THURSDAY, FEBRUARY 4, 2016",18420,2:19,0021500001
"THURSDAY, FEBRUARY 4, 2016",19393,2:16,0021500001
"THURSDAY, FEBRUARY 4, 2016",15723,2:19,0021500001
"FRIDAY, FEBRUARY 5, 2016",17225,2:22,0021500001
"FRIDAY, FEBRUARY 5, 2016",19147,2:15,0021500001
"FRIDAY, FEBRUARY 5, 2016",16647,2:11,0021500001
"FRIDAY, FEBRUARY 5, 2016",17305,2:09,0021500001
"FRIDAY, FEBRUARY 5, 2016",14432,2:14,0021500001
"FRIDAY, FEBRUARY 5, 2016",20562,2:27,0021500001
"FRIDAY, FEBRUARY 5, 2016",19812,2:18,0021500001
"FRIDAY, FEBRUARY 5, 2016",19155,2:33,0021500001
"FRIDAY, FEBRUARY 5, 2016",19911,2:17,0021500001
"FRIDAY, FEBRUARY 5, 2016",20404,2:21,0021500001
"SATURDAY, FEBRUARY 6, 2016",18308,2:19,0021500001
"SATURDAY, FEBRUARY 6, 2016",18450,2:14,0021500001
"SATURDAY, FEBRUARY 6, 2016",18165,2:17,0021500001
"SATURDAY, FEBRUARY 6, 2016",20562,2:04,0021500001
"SATURDAY, FEBRUARY 6, 2016",18847,2:21,0021500001
"SATURDAY, FEBRUARY 6, 2016",18119,2:36,0021500001
"SATURDAY, FEBRUARY 6, 2016",17876,2:12,0021500001
"SATURDAY, FEBRUARY 6, 2016",18418,2:10,0021500001
"SATURDAY, FEBRUARY 6, 2016",16180,2:18,0021500001
"SATURDAY, FEBRUARY 6, 2016",19596,2:23,0021500001
"SUNDAY, FEBRUARY 7, 2016",19812,2:13,0021500001
"SUNDAY, FEBRUARY 7, 2016",16021,2:10,0021500001
"SUNDAY, FEBRUARY 7, 2016",19624,2:20,0021500001
"SUNDAY, FEBRUARY 7, 2016",18624,2:05,0021500001
"MONDAY, FEBRUARY 8, 2016",15886,2:04,0021500001
"MONDAY, FEBRUARY 8, 2016",20562,2:07,0021500001
"MONDAY, FEBRUARY 8, 2016",18165,2:17,0021500001
"MONDAY, FEBRUARY 8, 2016",13310,2:38,0021500001
"MONDAY, FEBRUARY 8, 2016",13043,2:13,0021500001
"MONDAY, FEBRUARY 8, 2016",14103,2:07,0021500001
"MONDAY, FEBRUARY 8, 2016",13057,2:32,0021500001
"MONDAY, FEBRUARY 8, 2016",15892,2:48,0021500001
"MONDAY, FEBRUARY 8, 2016",11926,2:20,0021500001
"MONDAY, FEBRUARY 8, 2016",16316,2:26,0021500001
"TUESDAY, FEBRUARY 9, 2016",19723,2:21,0021500001
"TUESDAY, FEBRUARY 9, 2016",19812,2:15,0021500001
"TUESDAY, FEBRUARY 9, 2016",13215,2:15,0021500001
"TUESDAY, FEBRUARY 9, 2016",19394,2:43,0021500001
"TUESDAY, FEBRUARY 9, 2016",19596,2:29,0021500001
"WEDNESDAY, FEBRUARY 10, 2016",15653,2:06,0021500001
"WEDNESDAY, FEBRUARY 10, 2016",17467,2:12,0021500001
"WEDNESDAY, FEBRUARY 10, 2016",12501,2:18,0021500001
"WEDNESDAY, FEBRUARY 10, 2016",18186,3:00,0021500001
"WEDNESDAY, FEBRUARY 10, 2016",14262,2:05,0021500001
"WEDNESDAY, FEBRUARY 10, 2016",19971,2:24,0021500001
"WEDNESDAY, FEBRUARY 10, 2016",20562,2:13,0021500001
"WEDNESDAY, FEBRUARY 10, 2016",21709,1:60,0021500001
"WEDNESDAY, FEBRUARY 10, 2016",11171,2:26,0021500001
"WEDNESDAY, FEBRUARY 10, 2016",15256,2:13,0021500001
"WEDNESDAY, FEBRUARY 10, 2016",18055,2:10,0021500001
"WEDNESDAY, FEBRUARY 10, 2016",19393,2:29,0021500001
"THURSDAY, FEBRUARY 11, 2016",14172,2:19,0021500001
"THURSDAY, FEBRUARY 11, 2016",18203,2:14,0021500001
"THURSDAY, FEBRUARY 18, 2016",20562,2:15,0021500001
"THURSDAY, FEBRUARY 18, 2016",19410,2:14,0021500001
"FRIDAY, FEBRUARY 19, 2016",17764,2:27,0021500001
"FRIDAY, FEBRUARY 19, 2016",20356,2:08,0021500001
"FRIDAY, FEBRUARY 19, 2016",17732,2:03,0021500001
"FRIDAY, FEBRUARY 19, 2016",19043,2:13,0021500001
"FRIDAY, FEBRUARY 19, 2016",21849,2:14,0021500001
"FRIDAY, FEBRUARY 19, 2016",18119,2:24,0021500001
"FRIDAY, FEBRUARY 19, 2016",16953,2:28,0021500001
"FRIDAY, FEBRUARY 19, 2016",18203,2:17,0021500001
"FRIDAY, FEBRUARY 19, 2016",16370,2:12,0021500001
"FRIDAY, FEBRUARY 19, 2016",17102,2:29,0021500001
"FRIDAY, FEBRUARY 19, 2016",20100,2:10,0021500001
"FRIDAY, FEBRUARY 19, 2016",17317,2:30,0021500001
"FRIDAY, FEBRUARY 19, 2016",19911,2:22,0021500001
"FRIDAY, FEBRUARY 19, 2016",18997,2:13,0021500001
"SATURDAY, FEBRUARY 20, 2016",18653,2:60,0021500001
"SATURDAY, FEBRUARY 20, 2016",19710,2:15,0021500001
"SATURDAY, FEBRUARY 20, 2016",16663,2:01,0021500001
"SATURDAY, FEBRUARY 20, 2016",19585,2:22,0021500001
"SUNDAY, FEBRUARY 21, 2016",17886,2:24,0021500001
"SUNDAY, FEBRUARY 21, 2016",18203,2:22,0021500001
"SUNDAY, FEBRUARY 21, 2016",16065,2:14,0021500001
"SUNDAY, FEBRUARY 21, 2016",16224,2:13,0021500001
"SUNDAY, FEBRUARY 21, 2016",16155,2:05,0021500001
"SUNDAY, FEBRUARY 21, 2016",17242,2:16,0021500001
"SUNDAY, FEBRUARY 21, 2016",19800,2:21,0021500001
"SUNDAY, FEBRUARY 21, 2016",20194,2:20,0021500001
"SUNDAY, FEBRUARY 21, 2016",23143,2:20,0021500001
"SUNDAY, FEBRUARY 21, 2016",19470,2:26,0021500001
"MONDAY, FEBRUARY 22, 2016",20562,2:08,0021500001
"MONDAY, FEBRUARY 22, 2016",19600,2:46,0021500001
"MONDAY, FEBRUARY 22, 2016",19812,2:09,0021500001
"MONDAY, FEBRUARY 22, 2016",19330,2:04,0021500001
"MONDAY, FEBRUARY 22, 2016",18717,2:13,0021500001
"MONDAY, FEBRUARY 22, 2016",11639,2:25,0021500001
"MONDAY, FEBRUARY 22, 2016",19060,2:14,0021500001
"TUESDAY, FEBRUARY 23, 2016",13745,2:27,0021500001
"TUESDAY, FEBRUARY 23, 2016",15743,2:13,0021500001
"TUESDAY, FEBRUARY 23, 2016",15721,2:22,0021500001
"TUESDAY, FEBRUARY 23, 2016",18132,2:52,0021500001
"TUESDAY, FEBRUARY 23, 2016",19393,2:08,0021500001
"WEDNESDAY, FEBRUARY 24, 2016",20562,2:09,0021500001
"WEDNESDAY, FEBRUARY 24, 2016",16018,2:18,0021500001
"WEDNESDAY, FEBRUARY 24, 2016",13429,2:15,0021500001
"WEDNESDAY, FEBRUARY 24, 2016",19899,2:27,0021500001
"WEDNESDAY, FEBRUARY 24, 2016",19800,2:23,0021500001
"WEDNESDAY, FEBRUARY 24, 2016",21560,2:11,0021500001
"WEDNESDAY, FEBRUARY 24, 2016",18119,2:09,0021500001
"WEDNESDAY, FEBRUARY 24, 2016",19805,2:15,0021500001
"WEDNESDAY, FEBRUARY 24, 2016",19060,2:08,0021500001
"WEDNESDAY, FEBRUARY 24, 2016",17317,2:10,0021500001
"THURSDAY, FEBRUARY 25, 2016",19189,2:05,0021500001
"THURSDAY, FEBRUARY 25, 2016",18157,2:24,0021500001
"THURSDAY, FEBRUARY 25, 2016",16974,2:23,0021500001
"THURSDAY, FEBRUARY 25, 2016",16145,2:24,0021500001
"THURSDAY, FEBRUARY 25, 2016",19393,2:30,0021500001
"THURSDAY, FEBRUARY 25, 2016",19911,1:59,0021500001
"FRIDAY, FEBRUARY 26, 2016",18165,2:17,0021500001
"FRIDAY, FEBRUARY 26, 2016",16511,2:14,0021500001
"FRIDAY, FEBRUARY 26, 2016",19812,2:08,0021500001
"FRIDAY, FEBRUARY 26, 2016",19800,2:27,0021500001
"FRIDAY, FEBRUARY 26, 2016",18123,2:16,0021500001
"FRIDAY, FEBRUARY 26, 2016",20298,2:40,0021500001
"FRIDAY, FEBRUARY 26, 2016",17317,2:21,0021500001
"FRIDAY, FEBRUARY 26, 2016",18997,2:14,0021500001
"SATURDAY, FEBRUARY 27, 2016",18624,2:10,0021500001
"SATURDAY, FEBRUARY 27, 2016",17338,2:22,0021500001
"SATURDAY, FEBRUARY 27, 2016",21962,2:09,0021500001
"SATURDAY, FEBRUARY 27, 2016",18240,2:17,0021500001
"SATURDAY, FEBRUARY 27, 2016",17165,2:04,0021500001
"SATURDAY, FEBRUARY 27, 2016",18203,2:45,0021500001
"SATURDAY, FEBRUARY 27, 2016",17101,2:29,0021500001
"SATURDAY, FEBRUARY 27, 2016",18863,2:19,0021500001
"SUNDAY, FEBRUARY 28, 2016",20356,2:12,0021500001
"SUNDAY, FEBRUARY 28, 2016",17156,2:02,0021500001
"SUNDAY, FEBRUARY 28, 2016",17201,2:14,0021500001
"SUNDAY, FEBRUARY 28, 2016",16662,2:08,0021500001
"SUNDAY, FEBRUARY 28, 2016",16168,2:21,0021500001
"SUNDAY, FEBRUARY 28, 2016",20289,2:13,0021500001
"SUNDAY, FEBRUARY 28, 2016",19812,2:10,0021500001
"MONDAY, FEBRUARY 29, 2016",20562,2:19,0021500001
"MONDAY, FEBRUARY 29, 2016",15096,2:27,0021500001
"MONDAY, FEBRUARY 29, 2016",17680,2:15,0021500001
"MONDAY, FEBRUARY 29, 2016",13214,2:28,0021500001
"MONDAY, FEBRUARY 29, 2016",10324,2:21,0021500001
"MONDAY, FEBRUARY 29, 2016",17317,2:11,0021500001
"MONDAY, FEBRUARY 29, 2016",19060,2:11,0021500001
"TUESDAY, MARCH 1, 2016",16849,2:05,0021500001
"TUESDAY, MARCH 1, 2016",19654,2:11,0021500001
"TUESDAY, MARCH 1, 2016",19812,2:03,0021500001
"TUESDAY, MARCH 1, 2016",19546,2:08,0021500001
"TUESDAY, MARCH 1, 2016",19596,2:31,0021500001
"TUESDAY, MARCH 1, 2016",18997,2:13,0021500001
"WEDNESDAY, MARCH 2, 2016",16072,2:03,0021500001
"WEDNESDAY, MARCH 2, 2016",11143,2:16,0021500001
"WEDNESDAY, MARCH 2, 2016",18624,2:08,0021500001
"WEDNESDAY, MARCH 2, 2016",19800,2:11,0021500001
"WEDNESDAY, MARCH 2, 2016",18226,2:24,0021500001
"WEDNESDAY, MARCH 2, 2016",15310,2:16,0021500001
"WEDNESDAY, MARCH 2, 2016",14263,2:19,0021500001
"WEDNESDAY, MARCH 2, 2016",11307,2:14,0021500001
"WEDNESDAY, MARCH 2, 2016",18418,2:08,0021500001
"WEDNESDAY, MARCH 2, 2016",20096,2:19,0021500001
"WEDNESDAY, MARCH 2, 2016",19304,2:15,0021500001
"THURSDAY, MARCH 3, 2016",19600,2:12,0021500001
"THURSDAY, MARCH 3, 2016",17781,2:09,0021500001
"THURSDAY, MARCH 3, 2016",19910,2:10,0021500001
"THURSDAY, MARCH 3, 2016",19596,2:15,0021500001
"FRIDAY, MARCH 4, 2016",19099,2:06,0021500001
"FRIDAY, MARCH 4, 2016",17546,2:09,0021500001
"FRIDAY, MARCH 4, 2016",17610,2:17,0021500001
"FRIDAY, MARCH 4, 2016",18624,2:08,0021500001
"FRIDAY, MARCH 4, 2016",19800,,0021500001
"FRIDAY, MARCH 4, 2016",20562,2:15,0021500001
"FRIDAY, MARCH 4, 2016",17188,2:22,0021500001
"FRIDAY, MARCH 4, 2016",16366,2:18,0021500001
"FRIDAY, MARCH 4, 2016",14163,2:32,0021500001
"FRIDAY, MARCH 4, 2016",18997,2:12,0021500001
"SATURDAY, MARCH 5, 2016",20562,2:17,0021500001
"SATURDAY, MARCH 5, 2016",19812,2:01,0021500001
"SATURDAY, MARCH 5, 2016",20356,2:26,0021500001
"SATURDAY, MARCH 5, 2016",16680,2:15,0021500001
"SATURDAY, MARCH 5, 2016",15987,2:13,0021500001
"SATURDAY, MARCH 5, 2016",22203,2:33,0021500001
"SATURDAY, MARCH 5, 2016",18418,2:14,0021500001
"SATURDAY, MARCH 5, 2016",19236,2:17,0021500001
"SUNDAY, MARCH 6, 2016",16565,2:28,0021500001
"SUNDAY, MARCH 6, 2016",18997,2:17,0021500001
"SUNDAY, MARCH 6, 2016",17291,2:14,0021500001
"SUNDAY, MARCH 6, 2016",14802,2:39,0021500001
"SUNDAY, MARCH 6, 2016",18386,2:15,0021500001
"SUNDAY, MARCH 6, 2016",19820,2:20,0021500001
"SUNDAY, MARCH 6, 2016",19800,2:30,0021500001
"MONDAY, MARCH 7, 2016",15912,2:17,0021500001
"MONDAY, MARCH 7, 2016",20562,2:27,0021500001
"MONDAY, MARCH 7, 2016",16742,2:17,0021500001
"MONDAY, MARCH 7, 2016",21672,2:10,0021500001
"MONDAY, MARCH 7, 2016",16403,2:20,0021500001
"MONDAY, MARCH 7, 2016",20002,2:14,0021500001
"MONDAY, MARCH 7, 2016",19596,2:16,0021500001
"TUESDAY, MARCH 8, 2016",19800,2:14,0021500001
"TUESDAY, MARCH 8, 2016",14093,2:03,0021500001
"TUESDAY, MARCH 8, 2016",13305,2:12,0021500001
"TUESDAY, MARCH 8, 2016",19282,2:10,0021500001
"TUESDAY, MARCH 8, 2016",19393,2:42,0021500001
"TUESDAY, MARCH 8, 2016",18997,2:09,0021500001
"WEDNESDAY, MARCH 9, 2016",16335,2:20,0021500001
"WEDNESDAY, MARCH 9, 2016",15237,2:34,0021500001
"WEDNESDAY, MARCH 9, 2016",15005,2:28,0021500001
"WEDNESDAY, MARCH 9, 2016",17790,2:23,0021500001
"WEDNESDAY, MARCH 9, 2016",20249,2:14,0021500001
"WEDNESDAY, MARCH 9, 2016",18203,2:18,0021500001
"WEDNESDAY, MARCH 9, 2016",17105,2:01,0021500001
"WEDNESDAY, MARCH 9, 2016",17317,2:23,0021500001
"WEDNESDAY, MARCH 9, 2016",19596,2:07,0021500001
"THURSDAY, MARCH 10, 2016",19800,2:17,0021500001
"THURSDAY, MARCH 10, 2016",18418,2:13,0021500001
"THURSDAY, MARCH 10, 2016",11582,2:16,0021500001
"THURSDAY, MARCH 10, 2016",18997,2:19,0021500001
"FRIDAY, MARCH 11, 2016",18189,2:17,0021500001
"FRIDAY, MARCH 11, 2016",14128,2:13,0021500001
"FRIDAY, MARCH 11, 2016",18624,2:19,0021500001
"FRIDAY, MARCH 11, 2016",22067,1:59,0021500001
"FRIDAY, MARCH 11, 2016",18119,2:46,0021500001
"FRIDAY, MARCH 11, 2016",18203,2:25,0021500001
"FRIDAY, MARCH 11, 2016",19911,2:09,0021500001
"FRIDAY, MARCH 11, 2016",17081,2:09,0021500001
"FRIDAY, MARCH 11, 2016",19596,2:10,0021500001
"FRIDAY, MARCH 11, 2016",19175,2:17,0021500001
"SATURDAY, MARCH 12, 2016",20459,2:19,0021500001
"SATURDAY, MARCH 12, 2016",17515,1:59,0021500001
"SATURDAY, MARCH 12, 2016",19303,2:07,0021500001
"SATURDAY, MARCH 12, 2016",16087,2:16,0021500001
"SATURDAY, MARCH 12, 2016",19800,2:38,0021500001
"SATURDAY, MARCH 12, 2016",16518,2:07,0021500001
"SATURDAY, MARCH 12, 2016",18418,2:21,0021500001
"SATURDAY, MARCH 12, 2016",13213,2:29,0021500001
"SATURDAY, MARCH 12, 2016",19596,2:14,0021500001
"SATURDAY, MARCH 12, 2016",19452,1:59,0021500001
"SUNDAY, MARCH 13, 2016",19342,2:13,0021500001
"SUNDAY, MARCH 13, 2016",17066,1:59,0021500001
"SUNDAY, MARCH 13, 2016",15241,2:06,0021500001
"SUNDAY, MARCH 13, 2016",17023,2:19,0021500001
"SUNDAY, MARCH 13, 2016",18997,2:08,0021500001
"MONDAY, MARCH 14, 2016",15686,2:22,0021500001
"MONDAY, MARCH 14, 2016",18042,2:20,0021500001
"MONDAY, MARCH 14, 2016",19744,2:15,0021500001
"MONDAY, MARCH 14, 2016",19800,2:24,0021500001
"MONDAY, MARCH 14, 2016",18226,2:18,0021500001
"MONDAY, MARCH 14, 2016",18203,2:09,0021500001
"MONDAY, MARCH 14, 2016",19911,2:18,0021500001
"MONDAY, MARCH 14, 2016",17480,2:25,0021500001
"MONDAY, MARCH 14, 2016",19596,2:12,0021500001
"TUESDAY, MARCH 15, 2016",17118,2:18,0021500001
"TUESDAY, MARCH 15, 2016",16988,2:11,0021500001
"TUESDAY, MARCH 15, 2016",14560,2:15,0021500001
"TUESDAY, MARCH 15, 2016",13522,2:09,0021500001
"TUESDAY, MARCH 15, 2016",18418,2:06,0021500001
"TUESDAY, MARCH 15, 2016",18997,2:12,0021500001
"WEDNESDAY, MARCH 16, 2016",18624,2:22,0021500001
"WEDNESDAY, MARCH 16, 2016",16148,2:02,0021500001
"WEDNESDAY, MARCH 16, 2016",20562,2:11,0021500001
"WEDNESDAY, MARCH 16, 2016",19556,2:11,0021500001
"WEDNESDAY, MARCH 16, 2016",14121,2:22,0021500001
"WEDNESDAY, MARCH 16, 2016",16588,2:20,0021500001
"WEDNESDAY, MARCH 16, 2016",18304,2:23,0021500001
"WEDNESDAY, MARCH 16, 2016",17086,1:58,0021500001
"WEDNESDAY, MARCH 16, 2016",19596,1:56,0021500001
"THURSDAY, MARCH 17, 2016",15104,2:37,0021500001
"THURSDAY, MARCH 17, 2016",10521,2:18,0021500001
"THURSDAY, MARCH 17, 2016",19848,2:19,0021500001
"THURSDAY, MARCH 17, 2016",14383,2:10,0021500001
"THURSDAY, MARCH 17, 2016",21513,2:02,0021500001
"THURSDAY, MARCH 17, 2016",11740,2:16,0021500001
"THURSDAY, MARCH 17, 2016",18418,2:15,0021500001
"THURSDAY, MARCH 17, 2016",18784,1:58,0021500001
"FRIDAY, MARCH 18, 2016",18046,2:12,0021500001
"FRIDAY, MARCH 18, 2016",20388,2:10,0021500001
"FRIDAY, MARCH 18, 2016",15982,2:14,0021500001
"FRIDAY, MARCH 18, 2016",19800,2:07,0021500001
"FRIDAY, MARCH 18, 2016",18142,2:05,0021500001
"FRIDAY, MARCH 18, 2016",17263,2:25,0021500001
"FRIDAY, MARCH 18, 2016",20515,2:12,0021500001
"FRIDAY, MARCH 18, 2016",18997,2:14,0021500001
"SATURDAY, MARCH 19, 2016",19271,2:08,0021500001
"SATURDAY, MARCH 19, 2016",18067,2:10,0021500001
"SATURDAY, MARCH 19, 2016",17559,2:12,0021500001
"SATURDAY, MARCH 19, 2016",18165,2:24,0021500001
"SATURDAY, MARCH 19, 2016",20356,2:01,0021500001
"SATURDAY, MARCH 19, 2016",19737,2:07,0021500001
"SATURDAY, MARCH 19, 2016",21856,1:58,0021500001
"SATURDAY, MARCH 19, 2016",18119,2:32,0021500001
"SATURDAY, MARCH 19, 2016",18825,2:16,0021500001
"SUNDAY, MARCH 20, 2016",20351,2:34,0021500001
"SUNDAY, MARCH 20, 2016",19800,2:26,0021500001
"SUNDAY, MARCH 20, 2016",15103,2:15,0021500001
"SUNDAY, MARCH 20, 2016",17407,2:36,0021500001
"SUNDAY, MARCH 20, 2016",14124,1:59,0021500001
"SUNDAY, MARCH 20, 2016",19812,1:60,0021500001
"MONDAY, MARCH 21, 2016",18260,2:03,0021500001
"MONDAY, MARCH 21, 2016",20562,2:07,0021500001
"MONDAY, MARCH 21, 2016",16155,2:06,0021500001
"MONDAY, MARCH 21, 2016",18624,2:03,0021500001
"MONDAY, MARCH 21, 2016",13577,2:11,0021500001
"MONDAY, MARCH 21, 2016",15729,2:03,0021500001
"MONDAY, MARCH 21, 2016",21531,2:12,0021500001
"MONDAY, MARCH 21, 2016",19452,2:23,0021500001
"MONDAY, MARCH 21, 2016",15868,2:17,0021500001
"TUESDAY, MARCH 22, 2016",15739,2:11,0021500001
"TUESDAY, MARCH 22, 2016",16867,2:12,0021500001
"TUESDAY, MARCH 22, 2016",18203,2:26,0021500001
"TUESDAY, MARCH 22, 2016",18997,2:20,0021500001
"WEDNESDAY, MARCH 23, 2016",18807,2:06,0021500001
"WEDNESDAY, MARCH 23, 2016",18624,2:11,0021500001
"WEDNESDAY, MARCH 23, 2016",16609,2:06,0021500001
"WEDNESDAY, MARCH 23, 2016",20562,2:07,0021500001
"WEDNESDAY, MARCH 23, 2016",21788,2:09,0021500001
"WEDNESDAY, MARCH 23, 2016",18151,2:16,0021500001
"WEDNESDAY, MARCH 23, 2016",12151,2:14,0021500001
"WEDNESDAY, MARCH 23, 2016",18418,2:05,0021500001
"WEDNESDAY, MARCH 23, 2016",10684,2:23,0021500001
"WEDNESDAY, MARCH 23, 2016",18191,2:12,0021500001
"WEDNESDAY, MARCH 23, 2016",19596,2:22,0021500001
"WEDNESDAY, MARCH 23, 2016",19819,2:16,0021500001
"THURSDAY, MARCH 24, 2016",17517,2:03,0021500001
"THURSDAY, MARCH 24, 2016",17732,2:02,0021500001
"THURSDAY, MARCH 24, 2016",19812,2:02,0021500001
"THURSDAY, MARCH 24, 2016",18203,2:03,0021500001
"THURSDAY, MARCH 24, 2016",19359,2:29,0021500001
"FRIDAY, MARCH 25, 2016",20356,2:51,0021500001
"FRIDAY, MARCH 25, 2016",17209,2:15,0021500001
"FRIDAY, MARCH 25, 2016",19918,2:14,0021500001
"FRIDAY, MARCH 25, 2016",17070,2:02,0021500001
"FRIDAY, MARCH 25, 2016",18230,2:30,0021500001
"FRIDAY, MARCH 25, 2016",18418,2:08,0021500001
"FRIDAY, MARCH 25, 2016",17317,2:11,0021500001
"FRIDAY, MARCH 25, 2016",19596,2:11,0021500001
"FRIDAY, MARCH 25, 2016",18997,2:11,0021500001
"SATURDAY, MARCH 26, 2016",16625,2:26,0021500001
"SATURDAY, MARCH 26, 2016",18846,1:59,0021500001
"SATURDAY, MARCH 26, 2016",17009,2:02,0021500001
"SATURDAY, MARCH 26, 2016",17857,2:11,0021500001
"SATURDAY, MARCH 26, 2016",19812,2:14,0021500001
"SATURDAY, MARCH 26, 2016",14694,1:58,0021500001
"SATURDAY, MARCH 26, 2016",18203,2:05,0021500001
"SATURDAY, MARCH 26, 2016",15544,1:58,0021500001
"SATURDAY, MARCH 26, 2016",18055,2:19,0021500001
"SATURDAY, MARCH 26, 2016",19506,2:18,0021500001
"SUNDAY, MARCH 27, 2016",19060,2:10,0021500001
"SUNDAY, MARCH 27, 2016",17165,2:19,0021500001
"SUNDAY, MARCH 27, 2016",19596,2:06,0021500001
"SUNDAY, MARCH 27, 2016",17147,2:10,0021500001
"SUNDAY, MARCH 27, 2016",18997,2:08,0021500001
"MONDAY, MARCH 28, 2016",20003,2:01,0021500001
"MONDAY, MARCH 28, 2016",19800,2:11,0021500001
"MONDAY, MARCH 28, 2016",21761,2:10,0021500001
"MONDAY, MARCH 28, 2016",17133,2:11,0021500001
"MONDAY, MARCH 28, 2016",11141,2:27,0021500001
"MONDAY, MARCH 28, 2016",17000,2:21,0021500001
"MONDAY, MARCH 28, 2016",14844,2:09,0021500001
"MONDAY, MARCH 28, 2016",19911,2:03,0021500001
"MONDAY, MARCH 28, 2016",19393,2:01,0021500001
"MONDAY, MARCH 28, 2016",19258,2:08,0021500001
"TUESDAY, MARCH 29, 2016",17050,2:08,0021500001
"TUESDAY, MARCH 29, 2016",17536,2:13,0021500001
"TUESDAY, MARCH 29, 2016",14486,1:58,0021500001
"TUESDAY, MARCH 29, 2016",18201,2:16,0021500001
"TUESDAY, MARCH 29, 2016",20562,2:37,0021500001
"TUESDAY, MARCH 29, 2016",19596,2:23,0021500001
"WEDNESDAY, MARCH 30, 2016",19800,2:12,0021500001
"WEDNESDAY, MARCH 30, 2016",16401,2:19,0021500001
"WEDNESDAY, MARCH 30, 2016",15733,2:14,0021500001
"WEDNESDAY, MARCH 30, 2016",12252,2:07,0021500001
"WEDNESDAY, MARCH 30, 2016",20435,2:11,0021500001
"WEDNESDAY, MARCH 30, 2016",18418,2:10,0021500001
"WEDNESDAY, MARCH 30, 2016",19911,2:35,0021500001
"WEDNESDAY, MARCH 30, 2016",17185,2:06,0021500001
"WEDNESDAY, MARCH 30, 2016",18997,2:26,0021500001
"THURSDAY, MARCH 31, 2016",20562,2:09,0021500001
"THURSDAY, MARCH 31, 2016",17234,2:03,0021500001
"THURSDAY, MARCH 31, 2016",18244,2:28,0021500001
"THURSDAY, MARCH 31, 2016",16269,2:09,0021500001
"THURSDAY, MARCH 31, 2016",18203,2:19,0021500001
"THURSDAY, MARCH 31, 2016",19393,2:20,0021500001
"FRIDAY, APRIL 1, 2016",19244,2:11,0021500001
"FRIDAY, APRIL 1, 2016",19031,2:12,0021500001
"FRIDAY, APRIL 1, 2016",19812,2:03,0021500001
"FRIDAY, APRIL 1, 2016",19427,2:52,0021500001
"FRIDAY, APRIL 1, 2016",17077,2:21,0021500001
"FRIDAY, APRIL 1, 2016",16268,2:13,0021500001
"FRIDAY, APRIL 1, 2016",19911,2:04,0021500001
"FRIDAY, APRIL 1, 2016",17317,2:26,0021500001
"FRIDAY, APRIL 1, 2016",19596,2:23,0021500001
"FRIDAY, APRIL 1, 2016",17345,2:15,0021500001
"SATURDAY, APRIL 2, 2016",19213,2:18,0021500001
"SATURDAY, APRIL 2, 2016",22197,2:20,0021500001
"SATURDAY, APRIL 2, 2016",18418,2:09,0021500001
"SATURDAY, APRIL 2, 2016",15607,2:11,0021500001
"SATURDAY, APRIL 2, 2016",19633,2:09,0021500001
"SUNDAY, APRIL 3, 2016",16329,2:06,0021500001
"SUNDAY, APRIL 3, 2016",20562,2:15,0021500001
"SUNDAY, APRIL 3, 2016",18462,2:33,0021500001
"SUNDAY, APRIL 3, 2016",16117,2:10,0021500001
"SUNDAY, APRIL 3, 2016",19060,2:21,0021500001
"SUNDAY, APRIL 3, 2016",17741,2:08,0021500001
"SUNDAY, APRIL 3, 2016",17279,2:05,0021500001
"SUNDAY, APRIL 3, 2016",15768,2:05,0021500001
"SUNDAY, APRIL 3, 2016",19812,2:18,0021500001
"SUNDAY, APRIL 3, 2016",19596,2:14,0021500001
"SUNDAY, APRIL 3, 2016",18997,2:15,0021500001
"TUESDAY, APRIL 5, 2016",10978,2:01,0021500001
"TUESDAY, APRIL 5, 2016",19621,2:12,0021500001
"TUESDAY, APRIL 5, 2016",19800,2:19,0021500001
"TUESDAY, APRIL 5, 2016",15176,2:14,0021500001
"TUESDAY, APRIL 5, 2016",17591,2:08,0021500001
"TUESDAY, APRIL 5, 2016",15061,1:57,0021500001
"TUESDAY, APRIL 5, 2016",12611,2:07,0021500001
"TUESDAY, APRIL 5, 2016",19381,2:10,0021500001
"TUESDAY, APRIL 5, 2016",17317,2:15,0021500001
"TUESDAY, APRIL 5, 2016",19596,2:41,0021500001
"TUESDAY, APRIL 5, 2016",19537,2:07,0021500001
"WEDNESDAY, APRIL 6, 2016",18165,2:19,0021500001
"WEDNESDAY, APRIL 6, 2016",16553,2:12,0021500001
"WEDNESDAY, APRIL 6, 2016",16846,2:07,0021500001
"WEDNESDAY, APRIL 6, 2016",18624,2:18,0021500001
"WEDNESDAY, APRIL 6, 2016",19812,2:02,0021500001
"WEDNESDAY, APRIL 6, 2016",20108,2:24,0021500001
"WEDNESDAY, APRIL 6, 2016",19393,2:11,0021500001
"WEDNESDAY, APRIL 6, 2016",18997,2:05,0021500001
"THURSDAY, APRIL 7, 2016",17864,2:18,0021500001
"THURSDAY, APRIL 7, 2016",19771,2:21,0021500001
"THURSDAY, APRIL 7, 2016",18227,2:21,0021500001
"THURSDAY, APRIL 7, 2016",17317,2:12,0021500001
"THURSDAY, APRIL 7, 2016",19596,2:14,0021500001
"FRIDAY, APRIL 8, 2016",18337,2:01,0021500001
"FRIDAY, APRIL 8, 2016",18152,2:17,0021500001
"FRIDAY, APRIL 8, 2016",16076,2:21,0021500001
"FRIDAY, APRIL 8, 2016",18624,2:14,0021500001
"FRIDAY, APRIL 8, 2016",18207,2:15,0021500001
"FRIDAY, APRIL 8, 2016",19800,2:19,0021500001
"FRIDAY, APRIL 8, 2016",18607,2:05,0021500001
"FRIDAY, APRIL 8, 2016",20211,2:29,0021500001
"FRIDAY, APRIL 8, 2016",16347,2:09,0021500001
"FRIDAY, APRIL 8, 2016",19911,2:29,0021500001
"SATURDAY, APRIL 9, 2016",19257,2:10,0021500001
"SATURDAY, APRIL 9, 2016",16932,2:07,0021500001
"SATURDAY, APRIL 9, 2016",18119,2:21,0021500001
"SATURDAY, APRIL 9, 2016",22186,2:21,0021500001
"SATURDAY, APRIL 9, 2016",19733,2:15,0021500001
"SATURDAY, APRIL 9, 2016",17317,2:28,0021500001
"SUNDAY, APRIL 10, 2016",19187,2:14,0021500001
"SUNDAY, APRIL 10, 2016",18442,2:03,0021500001
"SUNDAY, APRIL 10, 2016",19170,2:27,0021500001
"SUNDAY, APRIL 10, 2016",16267,2:32,0021500001
"SUNDAY, APRIL 10, 2016",16172,2:04,0021500001
"SUNDAY, APRIL 10, 2016",18165,2:09,0021500001
"SUNDAY, APRIL 10, 2016",19913,2:03,0021500001
"SUNDAY, APRIL 10, 2016",18658,2:12,0021500001
"SUNDAY, APRIL 10, 2016",19812,2:16,0021500001
"MONDAY, APRIL 11, 2016",20562,2:07,0021500001
"MONDAY, APRIL 11, 2016",18374,1:59,0021500001
"MONDAY, APRIL 11, 2016",18624,2:09,0021500001
"MONDAY, APRIL 11, 2016",14653,2:13,0021500001
"MONDAY, APRIL 11, 2016",14983,2:09,0021500001
"MONDAY, APRIL 11, 2016",16867,2:12,0021500001
"MONDAY, APRIL 11, 2016",18203,2:12,0021500001
"MONDAY, APRIL 11, 2016",19911,2:14,0021500001
"MONDAY, APRIL 11, 2016",17288,2:16,0021500001
"TUESDAY, APRIL 12, 2016",17906,1:60,0021500001
"TUESDAY, APRIL 12, 2016",18575,2:13,0021500001
"TUESDAY, APRIL 12, 2016",19800,2:13,0021500001
"TUESDAY, APRIL 12, 2016",18765,2:39,0021500001
"TUESDAY, APRIL 12, 2016",19147,2:11,0021500001
"WEDNESDAY, APRIL 13, 2016",18624,2:18,0021500001
"WEDNESDAY, APRIL 13, 2016",16517,1:60,0021500001
"WEDNESDAY, APRIL 13, 2016",17372,1:58,0021500001
"WEDNESDAY, APRIL 13, 2016",20562,2:19,0021500001
"WEDNESDAY, APRIL 13, 2016",17399,2:15,0021500001
"WEDNESDAY, APRIL 13, 2016",21777,2:08,0021500001
"WEDNESDAY, APRIL 13, 2016",20346,2:17,0021500001
"WEDNESDAY, APRIL 13, 2016",18311,2:00,0021500001
"WEDNESDAY, APRIL 13, 2016",16569,1:57,0021500001
"WEDNESDAY, APRIL 13, 2016",14889,2:02,0021500001
"WEDNESDAY, APRIL 13, 2016",19596,2:09,0021500001
"WEDNESDAY, APRIL 13, 2016",18997,2:14,0021500001
"WEDNESDAY, APRIL 13, 2016",18055,2:20,0021500001
"WEDNESDAY, APRIL 13, 2016",19571,2:07,0021500001
